Piccione Pastry, http://www.piccionepastry.com/
Fitzâ€™s,https://fitzsrootbeer.com/
Dough to Door,http://www.doughtodoor.com/
The Melting Pot, http://www.meltingpot.com/university-city/welcome
Peacock Diner,http://peacockloopdiner.com/
Salt and Smoke,http://saltandsmokestl.com/
Three Kings, http://threekingspub.com/
Fitz's Restaurant,https://fitzsrootbeer.com/
Mission Taco,http://missiontacojoint.com/
Blueberry Hill, http://blueberryhill.com/
Corner 17,http://www.yelp.com/biz/corner-17-saint-louis
Pageant,http://www.thepageant.com/
Market Pub House,http://marketpubhouse.com/
Mission Taco,http://missiontacojoint.com/
Seoul Taco,http://www.seoultaco.com/
Thai Pizza,http://www.patsthairestaurants.com/pizza.php
